tweet_id, retweet_count, favorite_count 
892420643555336193,7528,35539
892177421306343426,5586,30735
891815181378084864,3702,23121
891689557279858688,7706,38806
891327558926688256,8309,37110
891087950875897856,2787,18711
890971913173991426,1809,10867
890729181411237888,16850,59932
890609185150312448,3842,25723
890240255349198849,6548,29372
890006608113172480,6544,28304
889880896479866881,4457,25727
889665388333682689,8931,44283
889638837579907072,3997,24907
889531135344209921,2016,13985
889278841981685760,4764,23246
888917238123831296,4011,26838
888804989199671297,3779,23556
888554962724278272,3091,18187
888202515573088257,,
888078434458587136,3099,20096
887705289381826560,4822,27929
887517139158093824,10535,42773
887473957103951883,16080,63352
887343217045368832,9377,31053
887101392804085760,5331,28266
886983233522544640,6845,32136
886736880519319552,2858,11037
886680336477933568,4000,20764
886366144734445568,2829,19484
886267009285017600,4,110
886258384151887873,5648,25818
886054160059072513,98,0
885984800019947520,6009,30049
885528943205470208,5715,33140
885518971528720385,3334,18885
885311592912609280,16515,0
885167619883638784,3902,20158
884925521741709313,16120,70993
884876753390489601,4981,25645
884562892145688576,4200,22415
884441805382717440,5088,24973
884247878851493888,18138,66861
884162670584377345,2674,18830
883838122936631299,3059,20151
883482846933004288,8828,42244
883360690899218434,3304,20903
883117836046086144,5948,34205
882992080364220416,3473,22038
882762694511734784,4366,26049
882627270321602560,5431,25866
882268110199369728,10342,41347
882045870035918850,4348,27048
881906580714921986,3040,22452
881666595344535552,9541,46738
881633300179243008,7,115
881536004380872706,14307,45638
881268444196462592,4730,21460
880935762899988482,2502,15788
880872448815771648,3427,19640
880465832366813184,5551,26250
880221127280381952,3721,24868
880095782870896641,3888,25497
879862464715927552,3119,20664
879674319642796034,10,291
879492040517615616,2851,21686
879415818425184262,39869,97618
879376492567855104,2803,15546
879130579576475649,6089,0
879050749262655488,4214,20814
879008229531029506,2398,17572
878776093423087618,3661,17884
878604707211726852,6339,27786
878404777348136964,1145,0
878316110768087041,5944,0
878281511006478336,1145,7135
878057613040115712,6089,38889
877736472329191424,16950,73134
877611172832227328,71,0
877556246731214848,3410,20966
877316821321428993,4668,25372
877201837425926144,4987,25043
876838120628539392,2990,19138
876537666061221889,4211,21932
876484053909872640,2123,17376
876120275196170240,4190,25894
875747767867523072,3832,23236
875144289856114688,4407,20303
875097192612077568,5467,25416
875021211251597312,4235,23610
874680097055178752,4168,25761
874434818259525634,13056,0
874296783580663808,3710,24142
874057562936811520,3587,21063
874012996292530176,9196,31698
873697596434513921,,
873580283840344065,3555,22458
873337748698140672,1422,0
873213775632977920,1422,6638
872967104147763200,4882,25285
872820683541237760,3359,13677
872668790621863937,,
872620804844003328,3281,19233
872486979161796608,8168,37833
872261713294495745,,
872122724285648897,7313,31822
871879754684805121,9885,34862
871762521631449091,3149,18783
871515927908634625,3145,18746
871166179821445120,5176,0
871102520638267392,4993,19465
871032628920680449,3459,21164
870804317367881728,5620,31331
870726314365509632,3,113
870656317836468226,2377,11480
870374049280663552,24119,77359
870308999962521604,3764,20429
870063196459192321,7551,34044
869988702071779329,,
869772420881756160,9221,39700
869702957897576449,5725,26332
869596645499047938,2835,14905
869227993411051520,3433,19069
868880397819494401,13135,60989
868639477480148993,1884,0
868622495443632128,4818,24888
868552278524837888,1884,9415
867900495410671616,3820,22643
867774946302451713,6706,31754
867421006826221569,2280,15051
867072653475098625,110,0
867051520902168576,7226,30122
866816280283807744,,
866720684873056260,4391,18738
866686824827068416,3183,18034
866450705531457537,32301,114472
866334964761202691,13056,49024
866094527597207552,7689,0
865718153858494464,5172,24091
865359393868664832,4588,24823
865006731092295680,7081,26287
864873206498414592,7979,30263
864279568663928832,2768,13696
864197398364647424,8126,28132
863907417377173506,3814,19358
863553081350529029,3862,14350
863471782782697472,2235,0
863432100342583297,4828,22350
863427515083354112,89,2075
863079547188785154,1025,8256
863062471531167744,2235,7936
862831371563274240,4753,18028
862722525377298433,3273,16108
862457590147678208,4546,19220
862096992088072192,21412,69855
861769973181624320,,
861383897657036800,9902,33988
861288531465048066,3823,16171
861005113778896900,3538,15734
860981674716409858,1989,0
860924035999428608,738,0
860563773140209665,1989,7078
860524505164394496,4926,22330
860276583193509888,3264,17381
860184849394610176,5434,15734
860177593139703809,28717,0
859924526012018688,3824,18538
859851578198683649,3272,14605
859607811541651456,1449,17624
859196978902773760,28081,85006
859074603037188101,12708,32017
858860390427611136,7568,0
858843525470990336,3242,14791
858471635011153920,4541,20418
858107933456039936,2709,14951
857989990357356544,2427,15243
857746408056729600,9962,32524
857393404942143489,1541,5592
857263160327368704,4247,19089
857214891891077121,17,214
857062103051644929,157,0
857029823797047296,3735,17937
856602993587888130,,
856543823941562368,2710,15585
856526610513747968,1771,11306
856330835276025856,630,0
856288084350160898,15,491
856282028240666624,5917,26457
855862651834028034,24,320
855860136149123072,923,4676
855857698524602368,1990,11324
855851453814013952,17071,43754
855818117272018944,5129,25486
855459453768019968,7773,28459
855245323840757760,5624,0
855138241867124737,43,0
854732716440526848,5743,21766
854482394044301312,6476,28017
854365224396361728,4448,18093
854120357044912130,7081,30676
854010172552949760,2995,15588
853760880890318849,5469,27427
853639147608842240,9517,33290
853299958564483072,3390,14890
852936405516943360,1894,0
852912242202992640,1719,8667
852672615818899456,2058,14371
852553447878664193,3315,15707
852311364735569921,9499,31938
852226086759018497,6547,19306
852189679701164033,1522,11077
851953902622658560,,
851861385021730816,19,0
851591660324737024,3322,15709
851464819735769094,6764,23444
851224888060895234,5508,20009
850753642995093505,8718,29769
850380195714523136,2495,12691
850333567704068097,315,3349
850145622816686080,3644,15821
850019790995546112,4676,19781
849776966551130114,7292,29445
849668094696017920,4761,0
849412302885593088,3028,15400
849336543269576704,1825,11092
849051919805034497,8146,41094
848690551926992896,4168,24447
848324959059550208,4460,24009
848213670039564288,699,7933
848212111729840128,2917,15862
847978865427394560,3147,0
847971574464610304,420,0
847962785489326080,4893,22876
847842811428974592,1278,5279
847617282490613760,400,6792
847606175596138505,3312,18271
847251039262605312,4181,19966
847157206088847362,5662,19358
847116187444137987,3077,20904
846874817362120707,3792,19567
846514051647705089,11153,43419
846505985330044928,2962,13745
846153765933735936,8736,30765
846139713627017216,9730,30267
846042936437604353,2772,15575
845812042753855489,8405,28490
845677943972139009,4655,24589
845459076796616705,,
845397057150107648,1733,7448
845306882940190720,5215,22773
845098359547420673,7424,0
844979544864018432,2470,13325
844973813909606400,3086,14693
844704788403113984,,
844580511645339650,3029,16088
844223788422217728,2126,13365
843981021012017153,2871,14834
843856843873095681,4489,20974
843604394117681152,2665,16524
843235543001513987,5855,21031
842892208864923648,,
842846295480000512,3531,14967
842765311967449089,1237,6587
842535590457499648,3412,17730
842163532590374912,5624,23926
842115215311396866,2948,13682
841833993020538882,14638,0
841680585030541313,7611,25232
841439858740625411,3578,12398
841320156043304961,5364,19413
841314665196081154,4525,15540
841077006473256960,5176,22396
840761248237133825,1720,0
840728873075638272,15659,0
840698636975636481,2,171
840696689258311684,949,12060
840632337062862849,1720,8820
840370681858686976,4440,16130
840268004936019968,5576,18890
839990271299457024,2221,13193
839549326359670784,7568,26966
839290600511926273,140,0
839239871831150596,6385,26638
838952994649550848,3901,19318
838921590096166913,2004,10929
838916489579200512,33,0
838831947270979586,10762,0
838561493054533637,1307,10779
838476387338051585,4663,22106
838201503651401729,9817,0
838150277551247360,324,1639
838085839343206401,1,138
838083903487373313,3055,17344
837820167694528512,7689,33521
837482249356513284,435,3804
837471256429613056,2225,12590
837366284874571778,,
837110210464448512,2317,15803
837012587749474308,,
836989968035819520,2256,12557
836753516572119041,4555,19056
836677758902222849,2189,12440
836648853927522308,548,0
836397794269200385,26966,0
836380477523124226,2933,14560
836260088725786625,4226,21006
836001077879255040,4180,18806
835685285446955009,7984,0
835574547218894849,3554,17551
835536468978302976,1663,0
835309094223372289,20537,0
835297930240217089,2951,16246
835264098648616962,1663,7616
835246439529840640,72,2068
835172783151792128,5659,25785
835152434251116546,2949,22070
834931633769889797,1607,10663
834786237630337024,5414,21120
834574053763584002,2484,13457
834477809192075265,10459,0
834458053273591808,1647,9506
834209720923721728,4659,20308
834167344700198914,3605,15629
834089966724603904,2099,9895
834086379323871233,2169,12892
833863086058651648,2369,13265
833826103416520705,3716,17857
833732339549220864,219,0
833722901757046785,3173,20561
833479644947025920,2016,14683
833124694597443584,4761,19942
832998151111966721,2163,13085
832769181346996225,39,0
832757312314028032,3565,16662
832682457690300417,2868,11722
832645525019123713,524,2891
832636094638288896,2741,15646
832397543355072512,2182,11834
832369877331693569,3147,16981
832273440279240704,2300,11217
832215909146226688,6126,0
832215726631055365,9181,0
832088576586297345,2,62
832040443403784192,9463,0
832032802820481025,4599,17657
831939777352105988,6038,23702
831926988323639298,34,332
831911600680497154,6398,27274
831670449226514432,1787,10310
831650051525054464,1894,7042
831552930092285952,2289,8875
831322785565769729,1534,9177
831315979191906304,1113,6469
831309418084069378,2431,11623
831262627380748289,2014,11782
830956169170665475,1476,7889
830583320585068544,16515,66061
830173239259324417,5609,0
830097400375152640,2894,9689
829878982036299777,4934,0
829861396166877184,1914,12108
829501995190984704,10459,31396
829449946868879360,1985,10354
829374341691346946,,
829141528400556032,7229,24139
829011960981237760,16124,52668
828801551087042563,3381,0
828770345708580865,5779,25333
828708714936930305,11036,36130
828650029636317184,1323,9414
828409743546925057,1153,6295
828408677031882754,1275,7607
828381636999917570,2191,12479
828376505180889089,1055,7305
828372645993398273,2899,12451
828361771580813312,173,2168
828046555563323392,2842,11632
828011680017821696,2128,10260
827933404142436356,5182,19891
827653905312006145,2995,15353
827600520311402496,931,7402
827324948884643840,3005,15713
827228250799742977,,
827199976799354881,2199,10496
826958653328592898,4934,21396
826848821049180160,10032,35987
826615380357632002,3949,0
826598799820865537,248,5073
826598365270007810,2314,9941
826476773533745153,4145,18251
826240494070030336,2580,13171
826204788643753985,913,4834
826115272272650244,3067,15519
825876512159186944,1847,10383
825829644528148480,2468,12639
825535076884762624,17407,56437
825147591692263424,4497,18158
825120256414846976,1240,0
825026590719483904,1240,6245
824796380199809024,5452,0
824775126675836928,3479,14789
824663926340194305,1759,10452
824325613288833024,10466,11738
824297048279236611,3820,14955
824025158776213504,594,4798
823939628516474880,2686,10553
823719002937630720,11090,0
823699002998870016,2502,13888
823581115634085888,2605,12937
823333489516937216,24,699
823322678127919110,3987,15623
823269594223824897,9811,0
822975315408461824,3418,17216
822872901745569793,42862,130735
822859134160621569,2258,13167
822647212903690241,6369,0
822610361945911296,2933,14710
822489057087389700,6369,18040
822462944365645825,14165,27799
822244816520155136,9811,34763
822163064745328640,4726,0
821886076407029760,2286,11266
821813639212650496,3351,0
821765923262631936,1645,8358
821522889702862852,1748,7993
821421320206483457,5541,0
821407182352777218,4313,11698
821153421864615936,10,254
821149554670182400,1961,8600
821107785811234820,2126,9551
821044531881721856,2264,12609
820837357901512704,6687,0
820749716845686786,9817,31378
820690176645140481,3209,12162
820494788566847489,562,0
820446719150292993,2557,0
820314633777061888,562,3334
820078625395449857,6244,19728
820013781606658049,1172,0
819952236453363712,1172,5311
819924195358416896,4863,12857
819711362133872643,3093,13319
819588359383371776,1979,9613
819347104292290561,1198,7189
819238181065359361,406,2260
819227688460238848,6687,22980
819015337530290176,36721,0
819015331746349057,18905,0
819006400881917954,18905,45139
819004803107983360,36721,86638
818646164899774465,20894,0
818627210458333184,7512,22322
818614493328580609,2540,9797
818588835076603904,6100,0
818536468981415936,2445,10851
818307523543449600,8026,0
818259473185828864,2252,10974
818145370475810820,2561,12227
817908911860748288,800,4842
817827839487737858,26967,51490
817777686764523521,2677,10717
817536400337801217,2947,11737
817502432452313088,3373,0
817423860136083457,14637,33709
817415592588222464,941,5575
817181837579653120,8444,0
817171292965273600,2016,8738
817120970343411712,2583,12192
817056546584727552,1637,8567
816829038950027264,4706,0
816816676327063552,2034,9981
816697700272001025,2178,9754
816450570814898180,8026,30350
816336735214911488,1941,8583
816091915477250048,2132,8914
816062466425819140,1013,0
816014286006976512,5250,0
815990720817401858,1013,4943
815966073409433600,8444,22353
815745968457060357,4118,0
815736392542261248,2257,9836
815639385530101762,1648,8208
815390420867969024,3806,10338
814986499976527872,1276,7647
814638523311648768,2691,11253
814578408554463233,5829,0
814530161257443328,1862,8633
814153002265309185,8665,28739
813944609378369540,3185,0
813910438903693312,1864,9292
813812741911748608,13960,36373
813800681631023104,1757,8316
813217897535406080,7283,18620
813202720496779264,1816,9226
813187593374461952,4352,19850
813172488309972993,1925,9253
813157409116065792,2218,7771
813142292504645637,2384,8481
813130366689148928,450,4473
813127251579564032,3135,11823
813112105746448384,2736,10297
813096984823349248,3634,10574
813081950185472002,2789,9889
813066809284972545,1959,7938
813051746834595840,7366,20981
812781120811126785,1907,7572
812747805718642688,,
812709060537683968,1436,6616
812503143955202048,1219,6068
812466873996607488,1939,7961
812372279581671427,3659,13656
811985624773361665,1402,7268
811744202451197953,1594,7543
811647686436880384,744,5607
811627233043480576,3084,12776
811386762094317568,6401,20929
810984652412424192,1445,5329
810896069567610880,1774,9002
810657578271330305,2652,10969
810284430598270976,11274,35226
810254108431155201,3381,14693
809920764300447744,3947,15573
809808892968534016,4896,0
809448704142938112,1470,6951
809220051211603969,5609,19936
809084759137812480,3540,13234
808838249661788160,3046,10143
808733504066486276,2169,7907
808501579447930884,2603,11338
808344865868283904,20894,42640
808134635716833280,5928,0
808106460588765185,2216,8821
808001312164028416,3551,12553
807621403335917568,3618,14598
807106840509214720,55445,118403
807059379405148160,7359,0
807010152071229440,3873,13106
806629075125202948,34692,74721
806620845233815552,5545,0
806576416489959424,1962,4907
806542213899489280,2366,10233
806242860592926720,11632,0
806219024703037440,1198,6452
805958939288408065,5385,0
805932879469572096,1929,8298
805826884734976000,1825,6575
805823200554876929,8023,0
805520635690676224,1662,5771
805487436403003392,2534,8810
805207613751304193,1726,7853
804738756058218496,3823,13733
804475857670639616,2016,6136
804413760345620481,3248,0
804026241225523202,16156,44522
803773340896923648,2755,10081
803692223237865472,7449,0
803638050916102144,4157,10973
803380650405482500,1881,7785
803321560782307329,5336,0
803276597545603072,2462,10045
802952499103731712,2006,9031
802624713319034886,2923,0
802600418706604034,1473,7118
802572683846291456,2514,8957
802323869084381190,5838,16220
802265048156610565,1380,6771
802247111496568832,,
802239329049477120,2633,9101
802185808107208704,274,0
801958328846974976,1723,7773
801854953262350336,237,1792
801538201127157760,2075,8246
801285448605831168,819,6058
801167903437357056,5928,24507
801127390143516673,3969,0
801115127852503040,2111,8090
800859414831898624,98,691
800855607700029440,1618,0
800751577355128832,2809,10597
800513324630806528,2996,13165
800459316964663297,2183,9539
800443802682937345,4335,0
800388270626521089,2819,11174
800188575492947969,3956,0
800141422401830912,2557,15311
800018252395122689,13198,28434
799774291445383169,4702,0
799757965289017345,2176,8411
799422933579902976,1938,8098
799308762079035393,5485,0
799297110730567681,2771,9901
799063482566066176,2486,8094
798933969379225600,4472,13110
798925684722855936,1444,7534
798705661114773508,6658,0
798701998996647937,7798,0
798697898615730177,6539,0
798694562394996736,4967,0
798686750113755136,2345,0
798682547630837760,4750,0
798673117451325440,5573,0
798665375516884993,3918,0
798644042770751489,1864,0
798628517273620480,1984,0
798585098161549313,5701,0
798576900688019456,5851,0
798340744599797760,3343,0
798209839306514432,2571,10441
797971864723324932,3112,11613
797545162159308800,4886,14586
797236660651966464,6597,20002
797165961484890113,26,225
796904159865868288,8950,0
796865951799083009,1932,7700
796759840936919040,3037,11853
796563435802726400,7277,0
796484825502875648,1763,7590
796387464403357696,4152,11024
796177847564038144,14318,0
796149749086875649,14318,32283
796125600683540480,1811,4975
796116448414461957,2418,9113
796080075804475393,2318,8469
796031486298386433,3729,10816
795464331001561088,23633,49703
795400264262053889,2880,10066
795076730285391872,5452,16226
794983741416415232,3382,0
794926597468000259,2312,10260
794355576146903043,10299,0
794332329137291264,2692,9612
794205286408003585,3328,9243
793962221541933056,4896,16859
793845145112371200,1868,9236
793614319594401792,3141,0
793601777308463104,1627,7997
793500921481273345,2377,10691
793286476301799424,9181,24645
793271401113350145,2398,8713
793256262322548741,8363,20014
793241302385262592,3304,10521
793226087023144960,2893,9853
793210959003287553,2802,8936
793195938047070209,5645,15291
793180763617361921,2007,6952
793165685325201412,2795,9400
793150605191548928,1710,6188
793135492858580992,2505,6416
793120401413079041,3934,12675
792913359805018113,3995,14351
792883833364439040,4283,11307
792773781206999040,1682,7367
792394556390137856,4305,13457
792050063153438720,1803,7163
791821351946420224,21136,0
791784077045166082,9584,0
791780927877898241,3827,0
791774931465953280,22234,45195
791672322847637504,3141,11773
791406955684368384,4118,13164
791312159183634433,2539,8797
791026214425268224,4103,0
790987426131050500,2139,9841
790946055508652032,4706,16663
790723298204217344,2315,0
790698755171364864,1931,8229
790581949425475584,7147,20687
790337589677002753,1886,7833
790277117346975746,3185,12578
790227638568808452,3568,0
789986466051088384,2315,9255
789960241177853952,4130,0
789903600034189313,4146,10367
789628658055020548,1771,7509
789599242079838210,1929,6765
789530877013393408,3382,11738
789314372632018944,2303,8675
789280767834746880,4936,0
789268448748703744,2617,9140
789137962068021249,2795,9731
788908386943430656,12502,27466
788765914992902144,10299,27360
788552643979468800,7180,0
788412144018661376,5265,15563
788178268662984705,2099,7241
788150585577050112,1286,6131
788070120937619456,3432,0
788039637453406209,1314,6130
787810552592695296,3055,8616
787717603741622272,2779,10271
787397959788929025,2850,10889
787322443945877504,1743,7782
787111942498508800,6763,0
786963064373534720,7984,26657
786729988674449408,2427,0
786709082849828864,6126,18228
786664955043049472,2551,10593
786595970293370880,3130,9445
786363235746385920,3501,10897
786286427768250368,2842,7968
786233965241827333,4726,15250
786051337297522688,155,1421
786036967502913536,7007,0
785927819176054784,3184,11386
785872687017132033,1812,6691
785639753186217984,2242,7851
785533386513321988,2000,9113
785515384317313025,1258,6124
785264754247995392,1624,7265
785170936622350336,4832,12025
784826020293709826,3248,10104
784517518371221505,2536,8957
784431430411685888,1270,5705
784183165795655680,8023,20053
784057939640352768,11090,29723
783839966405230592,10762,29988
783821107061198850,1969,7351
783695101801398276,3204,10463
783466772167098368,2239,8437
783391753726550016,5462,16875
783347506784731136,5524,0
783334639985389568,11632,29106
783085703974514689,2198,8146
782969140009107456,7359,24061
782747134529531904,1407,7450
782722598790725632,5385,17232
782598640137187329,1872,7774
782305867769217024,5541,16592
782021823840026624,6184,0
781955203444699136,3361,11099
781661882474196992,2708,10400
781655249211752448,1129,3983
781524693396357120,5545,20709
781308096455073793,2549,7132
781251288990355457,2076,8420
781163403222056960,2746,9778
780931614150983680,7277,21573
780858289093574656,2000,7168
780800785462489090,1298,5467
780601303617732608,3351,12067
780543529827336192,1742,6277
780496263422808064,3670,0
780476555013349377,112,0
780459368902959104,1077,5278
780192070812196864,2232,8688
780092040432480260,2290,0
780074436359819264,4941,12137
779834332596887552,7007,18823
779377524342161408,3103,8762
779124354206535695,18191,0
779123168116150273,,
779056095788752897,4519,14692
778990705243029504,7163,19874
778774459159379968,9834,0
778764940568104960,360,865
778748913645780993,1304,6857
778650543019483137,1492,5742
778624900596654080,1009,4620
778408200802557953,4304,13578
778396591732486144,12150,0
778383385161035776,1099,5805
778286810187399168,3272,10319
778039087836069888,2628,8463
778027034220126208,1601,6514
777953400541634568,3506,0
777885040357281792,1623,6315
777684233540206592,2923,11184
777641927919427584,4208,0
777621514455814149,2493,8694
777189768882946048,4284,14206
776819012571455488,13589,0
776813020089548800,1202,4854
776477788987613185,2756,8778
776249906839351296,9058,0
776218204058357768,15743,29720
776201521193218049,2508,9568
776113305656188928,4335,11692
776088319444877312,151,1828
775898661951791106,16413,0
775842724423557120,2639,11649
775733305207554048,3969,13799
775729183532220416,4569,12924
775364825476165632,2942,7351
775350846108426240,3884,10105
775096608509886464,,
775085132600442880,4702,15456
774757898236878852,1780,8555
774639387460112384,1720,6699
774314403806253056,5484,21621
773985732834758656,3826,10664
773922284943896577,1741,6356
773704687002451968,1616,6561
773670353721753600,1305,5329
773547596996571136,6100,21975
773336787167145985,5028,0
773308824254029826,7424,23163
773247561583001600,3237,9402
773191612633579521,4094,9919
772877495989305348,3838,8506
772826264096874500,2332,7992
772615324260794368,3355,0
772581559778025472,1691,6431
772193107915964416,1380,6005
772152991789019136,1123,3779
772117678702071809,736,3755
772114945936949249,466,2710
772102971039580160,937,3968
771908950375665664,1885,6522
771770456517009408,3343,11918
771500966810099713,2590,8201
771380798096281600,5028,10394
771171053431250945,7384,0
771136648247640064,2897,9083
771102124360998913,1429,6200
771014301343748096,1642,6824
771004394259247104,,
770787852854652928,1193,4900
770772759874076672,1407,5134
770743923962707968,,
770655142660169732,1756,7278
770414278348247044,2082,6293
770293558247038976,1458,6184
770093767776997377,3025,0
770069151037685760,2277,7534
769940425801170949,9463,31068
769695466921623552,1673,6366
769335591808995329,7658,0
769212283578875904,1702,5349
768970937022709760,6445,14222
768909767477751808,2644,0
768855141948723200,879,4156
768609597686943744,1188,4088
768596291618299904,1274,5001
768554158521745409,5787,0
768473857036525572,3386,13523
768193404517830656,3506,10780
767884188863397888,1369,4713
767754930266464257,5336,15863
767500508068192258,2322,7448
767191397493538821,3719,12210
767122157629476866,2828,10097
766864461642756096,5574,0
766793450729734144,1344,5020
766714921925144576,375,2591
766693177336135680,785,3979
766423258543644672,1565,5948
766313316352462849,1873,6727
766078092750233600,2591,0
766069199026450432,845,4191
766008592277377025,493,3706
765719909049503744,2133,7163
765669560888528897,1215,5149
765395769549590528,3353,26405
765371061932261376,2143,7006
765222098633691136,3355,11517
764857477905154048,1762,6396
764259802650378240,1488,5958
763956972077010945,54,755
763837565564780549,4103,12443
763183847194451968,1451,5329
763167063695355904,2967,0
763103485927849985,2273,7296
762699858130116608,3568,11998
762471784394268675,6338,11109
762464539388485633,4130,10181
762316489655476224,1108,4753
762035686371364864,15374,31523
761976711479193600,1987,5345
761750502866649088,3858,0
761745352076779520,854,4227
761672994376806400,28718,48929
761599872357261312,1180,4087
761371037149827077,17863,0
761334018830917632,1436,5134
761292947749015552,1072,4431
761227390836215808,1546,5273
761004547850530816,3432,11192
760893934457552897,960,3775
760656994973933572,1884,6515
760641137271070720,1278,4919
760539183865880579,3570,7479
760521673607086080,1372,4166
760290219849637889,11323,26500
760252756032651264,860,3914
760190180481531904,1775,5633
760153949710192640,30,0
759943073749200896,2049,5875
759923798737051648,5574,14519
759846353224826880,1940,6660
759793422261743616,1882,5883
759566828574212096,,
759557299618865152,1171,4636
759447681597108224,2427,8381
759446261539934208,479,1651
759197388317847553,1919,6005
759159934323924993,1138,0
759099523532779520,4104,14329
759047813560868866,1978,6406
758854675097526272,885,3504
758828659922702336,3788,11090
758740312047005698,1596,5680
758474966123810816,988,3755
758467244762497024,2181,4732
758405701903519748,1878,5148
758355060040593408,1050,3357
758099635764359168,9834,18842
758041019896193024,369,2657
757741869644341248,3203,6798
757729163776290825,7784,0
757725642876129280,1193,4489
757611664640446465,1092,4513
757597904299253760,297,0
757596066325864448,1038,4278
757400162377592832,6744,14932
757393109802180609,1711,5739
757354760399941633,1400,4463
756998049151549440,1961,6202
756939218950160384,1974,6555
756651752796094464,1280,4977
756526248105566208,3519,10286
756303284449767430,1088,3880
756288534030475264,17428,43454
756275833623502848,1508,6322
755955933503782912,2832,7220
755206590534418437,5280,16220
755110668769038337,10922,20915
754874841593970688,7778,0
754856583969079297,2475,6822
754747087846248448,512,2556
754482103782404096,1922,5222
754449512966619136,723,3699
754120377874386944,2321,7788
754011816964026368,,
753655901052166144,2138,5767
753420520834629632,3496,7793
753398408988139520,1873,5680
753375668877008896,2290,7538
753298634498793472,5603,0
753294487569522689,1023,3319
753039830821511168,20537,36614
753026973505581056,945,3875
752932432744185856,6763,12447
752917284578922496,1551,6849
752701944171524096,2813,0
752682090207055872,1569,5933
752660715232722944,1532,4324
752568224206688256,2240,5418
752519690950500352,3389,7267
752334515931054080,1073,3771
752309394570878976,15977,0
752173152931807232,1804,5873
751950017322246144,896,3025
751937170840121344,1301,5119
751830394383790080,1913,5724
751793661361422336,2853,5735
751598357617971201,2999,7813
751583847268179968,1080,4328
751538714308972544,1240,4966
751456908746354688,983,3166
751251247299190784,5775,12322
751205363882532864,1784,6235
751132876104687617,1280,4993
750868782890057730,1339,4706
750719632563142656,4936,12966
750506206503038976,1128,4382
750429297815552001,4208,12968
750383411068534784,1131,4499
750381685133418496,27,683
750147208377409536,940,3053
750132105863102464,1269,3559
750117059602808832,1288,4270
750101899009982464,827,3000
750086836815486976,524,2136
750071704093859840,3257,7721
750056684286914561,882,3113
750041628174217216,601,3127
750026558547456000,771,2684
750011400160841729,891,3203
749996283729883136,801,3021
749981277374128128,2421,5042
749774190421639168,1300,4594
749417653287129088,1616,6014
749403093750648834,525,2579
749395845976588288,3374,8438
749317047558017024,2195,5412
749075273010798592,2043,5670
749064354620928000,1500,4729
749036806121881602,782,3044
748977405889503236,3334,10592
748932637671223296,2205,5711
748705597323898880,934,2727
748699167502000129,1553,4673
748692773788876800,1309,4181
748575535303884801,1940,5963
748568946752774144,661,2167
748346686624440324,1211,5136
748337862848962560,4022,7496
748324050481647620,742,3633
748307329658011649,699,3613
748220828303695873,7625,13899
747963614829678593,2096,5687
747933425676525569,2494,6497
747885874273214464,949,2888
747844099428986880,731,2772
747816857231626240,1138,4763
747651430853525504,152,1361
747648653817413632,5735,12675
747600769478692864,548,2291
747594051852075008,1039,3613
747512671126323200,1582,5435
747461612269887489,1024,3810
747439450712596480,1875,5330
747242308580548608,2856,0
747219827526344708,1536,5169
747204161125646336,899,3308
747103485104099331,3882,9393
746906459439529985,291,2848
746872823977771008,2090,5885
746818907684614144,1707,5230
746790600704425984,1568,4775
746757706116112384,3827,9395
746726898085036033,1756,5939
746542875601690625,1842,4944
746521445350707200,965,0
746507379341139972,1065,4579
746369468511756288,1602,6071
746131877086527488,2146,6789
746056683365994496,799,3503
745789745784041472,1044,3953
745712589599014916,2282,6876
745433870967832576,2486,6944
745422732645535745,2378,8426
745314880350101504,2698,7043
745074613265149952,3400,7684
745057283344719872,2200,7130
744995568523612160,599,2922
744971049620602880,2632,7735
744709971296780288,1531,5495
744334592493166593,2060,6655
744234799360020481,76063,153368
744223424764059648,354,1626
743980027717509120,1072,4094
743895849529389061,948,3583
743835915802583040,2023,0
743609206067040256,1354,4390
743595368194129920,6374,17980
743545585370791937,921,3462
743510151680958465,3655,7765
743253157753532416,1196,4138
743222593470234624,1867,6073
743210557239623680,1334,3768
742534281772302336,3490,6926
742528092657332225,1922,4332
742465774154047488,3834,7110
742423170473463808,3670,9614
742385895052087300,1917,6670
742161199639494656,1336,4233
742150209887731712,1514,5001
741793263812808706,1476,4447
741743634094141440,2679,8008
741438259667034112,804,3611
741303864243200000,3131,8603
741099773336379392,5383,9771
741067306818797568,3025,9340
740995100998766593,2666,6226
740711788199743490,913,3332
740699697422163968,759,2790
740676976021798912,6658,17780
740373189193256964,13015,34309
740365076218183684,421,2411
740359016048689152,846,3226
740214038584557568,1919,6548
739979191639244800,5786,19517
739932936087216128,1053,3974
739844404073074688,839,3726
739623569819336705,1327,3683
739606147276148736,1612,5272
739544079319588864,20703,38624
739485634323156992,2857,7004
739238157791694849,56571,113338
738891149612572673,6,105
738885046782832640,1114,3690
738883359779196928,769,3231
738537504001953792,1493,4971
738402415918125056,808,3183
738184450748633089,1186,4229
738166403467907072,3265,8574
738156290900254721,624,2444
737826014890496000,1722,5149
737800304142471168,3372,9764
737678689543020544,1278,4928
737445876994609152,4336,10023
737322739594330112,791,3525
737310737551491075,7229,14320
736736130620620800,1684,4148
736392552031657984,7180,17289
736365877722001409,1207,3872
736225175608430592,2711,7911
736010884653420544,2901,7708
735991953473572864,1117,3507
735648611367784448,1076,3944
735635087207878657,2285,6018
735274964362878976,4887,12718
735256018284875776,855,3251
735137028879360001,949,3061
734912297295085568,513,2687
734787690684657664,6132,12220
734776360183431168,523,2448
734559631394082816,385,1450
733828123016450049,759,3495
733822306246479872,995,3575
733482008106668032,920,3060
733460102733135873,1246,4086
733109485275860992,16413,49046
732732193018155009,522,2371
732726085725589504,868,3469
732585889486888962,760,3581
732375214819057664,2444,7891
732005617171337216,5250,14525
731285275100512256,972,3410
731156023742988288,1233,3747
730924654643314689,1927,5996
730573383004487680,2074,4772
730427201120833536,1015,3403
730211855403241472,1033,3727
730196704625098752,1840,4714
729854734790754305,1094,3938
729838605770891264,370,1685
729823566028484608,1214,3881
729463711119904772,2254,5645
729113531270991872,310,1832
728986383096946689,799,3070
728760639972315136,1656,4554
728751179681943552,658,2695
728653952833728512,1010,3228
728409960103686147,1936,4781
728387165835677696,936,3612
728046963732717569,1168,4198
728035342121635841,1627,4450
728015554473250816,1079,4029
727685679342333952,624,2890
727644517743104000,1694,5731
727524757080539137,1183,4367
727314416056803329,720,3252
727286334147182592,793,2982
727175381690781696,1350,3822
727155742655025152,1290,3540
726935089318363137,2370,6710
726887082820554753,1477,3731
726828223124897792,977,3478
726224900189511680,1109,4312
725842289046749185,2591,6896
725786712245440512,1333,4077
725729321944506368,1733,5082
725458796924002305,596,1380
724983749226668032,1274,3648
724771698126512129,617,2286
724405726123311104,1610,5148
724049859469295616,1731,4222
724046343203856385,542,2596
724004602748780546,1499,4086
723912936180330496,1199,3790
723688335806480385,2850,7485
723673163800948736,866,2938
723179728551723008,1807,5173
722974582966214656,1525,3998
722613351520608256,1594,4847
721503162398597120,1780,4503
721001180231503872,594,2466
720785406564900865,746,3030
720775346191278080,642,2402
720415127506415616,1452,4029
720389942216527872,2432,6198
720340705894408192,947,2798
720059472081784833,1096,3764
720043174954147842,1950,4786
719991154352222208,1687,4706
719704490224398336,1386,4421
719551379208073216,1838,4929
719367763014393856,725,2725
719339463458033665,1197,4325
719332531645071360,920,3346
718971898235854848,1046,3400
718939241951195136,1707,5116
718631497683582976,7798,18400
718613305783398402,470,2378
718540630683709445,989,2389
718460005985447936,511,2629
718454725339934721,1472,4744
718246886998687744,481,1862
718234618122661888,960,3773
717841801130979328,588,2392
717790033953034240,1077,2805
717537687239008257,1798,5625
717428917016076293,433,1578
717421804990701568,815,3081
717047459982213120,1874,6132
717009362452090881,938,3157
716802964044845056,1138,4181
716791146589110272,1535,7977
716730379797970944,417,1203
716447146686459905,5703,12717
716439118184652801,203,2324
716285507865542656,1020,2698
716080869887381504,1851,6612
715928423106027520,856,3116
715758151270801409,1392,3625
715733265223708672,1642,4547
715704790270025728,555,2714
715696743237730304,1255,3814
715680795826982913,1566,4182
715360349751484417,1519,5329
715342466308784130,673,2971
715220193576927233,631,2362
715200624753819648,1827,5015
715009755312439296,1189,4046
714982300363173890,1008,3634
714962719905021952,4130,7159
714957620017307648,1375,4042
714631576617938945,964,3196
714606013974974464,902,3541
714485234495041536,1094,2601
714258258790387713,708,2958
714251586676113411,814,3187
714214115368108032,848,2219
714141408463036416,1357,4207
713919462244790272,774,3209
713909862279876608,525,1847
713900603437621249,717,2769
713761197720473600,1335,4732
713411074226274305,1268,4324
713177543487135744,2776,7035
713175907180089344,1436,4348
712809025985978368,6539,18568
712717840512598017,4828,12014
712668654853337088,1183,4073
712438159032893441,1525,5187
712309440758808576,25,234
712097430750289920,1004,3682
712092745624633345,862,2865
712085617388212225,476,3206
712065007010385924,607,2204
711998809858043904,125,0
711968124745228288,2238,7848
711743778164514816,966,2771
711732680602345472,3982,8608
711694788429553666,17863,32039
711652651650457602,891,3754
711363825979756544,1102,3550
711306686208872448,717,3214
711008018775851008,595,2926
710997087345876993,1346,4461
710844581445812225,667,2488
710833117892898816,517,2623
710658690886586372,546,2252
710609963652087808,2312,4683
710588934686908417,1811,4417
710296729921429505,719,2315
710283270106132480,510,2104
710272297844797440,1214,4414
710269109699739648,1086,2335
710153181850935296,870,2844
710140971284037632,856,2687
710117014656950272,1935,5329
709918798883774466,1061,3416
709901256215666688,99,647
709852847387627521,1174,3433
709566166965075968,1168,3468
709556954897764353,1044,3211
709519240576036864,231,1460
709449600415961088,557,2158
709409458133323776,661,2551
709225125749587968,561,2359
709207347839836162,5623,12200
709198395643068416,628,2382
709179584944730112,654,1952
709158332880297985,406,1986
709042156699303936,1588,4616
708853462201716736,642,1765
708845821941387268,876,2911
708834316713893888,489,1647
708810915978854401,6742,16055
708738143638450176,790,2695
708711088997666817,699,2471
708479650088034305,665,2489
708469915515297792,798,3027
708400866336894977,9795,15584
708356463048204288,1285,3490
708349470027751425,720,2299
708149363256774660,1518,4190
708130923141795840,833,3305
708119489313951744,960,2628
708109389455101952,540,1901
708026248782585858,1881,4296
707995814724026368,1099,3056
707983188426153984,2,49
707969809498152960,940,2630
707776935007539200,932,3202
707741517457260545,594,2426
707738799544082433,2402,3979
707693576495472641,963,3319
707629649552134146,848,2504
707610948723478529,6184,16557
707420581654872064,677,2211
707411934438625280,583,2249
707387676719185920,1251,3416
707377100785885184,1065,3194
707315916783140866,626,2415
707297311098011648,763,2708
707059547140169728,656,2541
707038192327901184,765,2135
707021089608753152,1322,3983
707014260413456384,584,2260
706904523814649856,7657,14225
706901761596989440,572,2002
706681918348251136,951,3222
706644897839910912,1059,2513
706593038911545345,616,2106
706538006853918722,1396,3391
706516534877929472,1011,3044
706346369204748288,906,3373
706310011488698368,7715,20781
706291001778950144,469,1668
706265994973601792,911,2675
706169069255446529,2147,3814
706166467411222528,1562,5025
706153300320784384,376,1449
705975130514706432,715,3032
705970349788291072,874,3108
705898680587526145,539,2312
705786532653883392,504,1888
705591895322394625,1121,3100
705475953783398401,891,2894
705442520700944385,1582,4326
705428427625635840,1636,3731
705239209544720384,733,2937
705223444686888960,784,2540
705102439679201280,505,2096
705066031337840642,605,2141
704871453724954624,1091,4180
704859558691414016,526,2201
704847917308362754,1489,4959
704819833553219584,958,2581
704761120771465216,2856,6494
704499785726889984,993,2847
704491224099647488,76,732
704480331685040129,1043,3317
704364645503647744,3464,7797
704347321748819968,341,1541
704134088924532736,446,1471
704113298707505153,559,1809
704054845121142784,896,2850
703774238772166656,445,1801
703769065844768768,1116,3198
703631701117943808,665,2516
703611486317502464,1491,3749
703425003149250560,1334,3727
703407252292673536,677,2383
703382836347330562,1117,3422
703356393781329922,376,1867
703268521220972544,533,1933
703079050210877440,3002,7220
703041949650034688,12150,25741
702932127499816960,704,2520
702899151802126337,442,1580
702684942141153280,1049,3162
702671118226825216,546,2155
702598099714314240,3358,11948
702539513671897089,935,2815
702332542343577600,1513,3116
702321140488925184,1020,3207
702276748847800320,754,2416
702217446468493312,1310,4671
701981390485725185,964,3364
701952816642965504,1004,3765
701889187134500865,1353,3464
701805642395348998,1628,3336
701601587219795968,441,2052
701570477911896070,908,2750
701545186879471618,597,2612
701214700881756160,4967,11930
700890391244103680,557,2175
700864154249383937,608,2548
700847567345688576,491,2402
700796979434098688,919,2384
700747788515020802,9058,22311
700518061187723268,781,2554
700505138482569216,555,2249
700462010979500032,1746,4030
700167517596164096,714,2576
700151421916807169,656,2194
700143752053182464,2644,7358
700062718104104960,675,2580
700029284593901568,573,2030
700002074055016451,1306,3235
699801817392291840,928,2981
699788877217865730,501,2186
699779630832685056,1203,2681
699775878809702401,589,1922
699691744225525762,4494,10055
699446877801091073,2555,5832
699434518667751424,502,2124
699423671849451520,317,1330
699413908797464576,614,2032
699370870310113280,430,1851
699323444782047232,841,3083
699088579889332224,617,2204
699079609774645248,638,2396
699072405256409088,1164,2902
699060279947165696,1756,3664
699036661657767936,1177,2546
698989035503689728,951,3274
698953797952008193,890,2618
698907974262222848,608,2487
698710712454139905,662,2413
698703483621523456,368,1416
698635131305795584,336,1267
698549713696649216,611,2274
698355670425473025,434,1804
698342080612007937,939,2222
698262614669991936,1956,4663
698195409219559425,5829,16400
698178924120031232,723,2759
697995514407682048,328,1490
697990423684476929,1264,3218
697943111201378304,659,2340
697881462549430272,1142,2955
697630435728322560,528,1707
697616773278015490,989,3086
697596423848730625,1230,2948
697575480820686848,488,2003
697516214579523584,1087,2002
697482927769255936,651,2362
697463031882764288,1372,3340
697270446429966336,1834,4601
697259378236399616,979,3232
697255105972801536,1128,2974
697242256848379904,653,2462
696900204696625153,1001,3094
696894894812565505,669,2296
696886256886657024,1753,4747
696877980375769088,695,2390
696754882863349760,355,1456
696744641916489729,912,2028
696713835009417216,634,2327
696518437233913856,1675,3818
696490539101908992,139,1189
696488710901260288,997,2460
696405997980676096,1128,3136
696100768806522880,635,1885
695816827381944320,1137,2952
695794761660297217,750,3094
695767669421768709,723,1817
695629776980148225,2046,4470
695446424020918272,1770,4305
695409464418041856,3489,8482
695314793360662529,1416,3555
695095422348574720,598,2580
695074328191332352,1068,2778
695064344191721472,578,1573
695051054296211456,773,2604
694925794720792577,898,2636
694905863685980160,913,2688
694669722378485760,14007,35049
694356675654983680,280,1475
694352839993344000,600,1988
694342028726001664,476,1550
694329668942569472,490,1957
694206574471057408,1991,4077
694183373896572928,908,2879
694001791655137281,999,3331
693993230313091072,394,1839
693942351086120961,359,1711
693647888581312512,570,2620
693644216740769793,121,1320
693642232151285760,402,2484
693629975228977152,777,2391
693622659251335168,364,1500
693590843962331137,1905,4944
693582294167244802,239,1610
693486665285931008,618,1735
693280720173801472,1206,3276
693267061318012928,793,2328
693262851218264065,486,2158
693231807727280129,722,2811
693155686491000832,3137,7718
693109034023534592,594,1671
693095443459342336,446,1811
692919143163629568,736,2626
692905862751522816,850,2371
692901601640583168,589,1720
692894228850999298,779,2216
692828166163931137,865,2795
692752401762250755,3547,6661
692568918515392513,1498,4263
692535307825213440,1324,3091
692530551048294401,404,1795
692423280028966913,221,1442
692417313023332352,3373,9153
692187005137076224,795,2483
692158366030913536,770,2109
692142790915014657,385,1611
692041934689402880,1236,3332
692017291282812928,932,2832
691820333922455552,1615,3881
691793053716221953,4121,7976
691756958957883396,972,2786
691675652215414786,497,1915
691483041324204033,549,2331
691459709405118465,1115,3968
691444869282295808,832,2584
691416866452082688,7449,18896
691321916024623104,639,2516
691096613310316544,862,2897
691090071332753408,326,1688
690989312272396288,2803,5780
690959652130045952,1215,3505
690938899477221376,1897,4004
690932576555528194,989,3207
690735892932222976,1236,3701
690728923253055490,508,2134
690690673629138944,802,2280
690649993829576704,268,1274
690607260360429569,18,291
690597161306841088,587,1915
690400367696297985,439,1846
690374419777196032,826,3188
690360449368465409,861,2614
690348396616552449,501,1476
690248561355657216,407,1646
690021994562220032,1002,2732
690015576308211712,714,2434
690005060500217858,1641,3586
689999384604450816,360,1389
689993469801164801,439,1428
689977555533848577,437,1341
689905486972461056,686,2393
689877686181715968,1132,2978
689835978131935233,732,2120
689661964914655233,908,3162
689659372465688576,3757,10139
689623661272240129,628,2185
689599056876867584,5370,11381
689557536375177216,445,2001
689517482558820352,1397,3328
689289219123089408,912,2211
689283819090870273,1071,3190
689280876073582592,690,1940
689275259254616065,241,1116
689255633275777024,1060,2501
689154315265683456,974,3017
689143371370250240,495,1977
688916208532455424,845,2656
688908934925697024,743,2069
688898160958271489,764,2050
688894073864884227,668,2187
688828561667567616,361,1350
688804835492233216,189,946
688789766343622656,649,2171
688547210804498433,681,2541
688519176466644993,712,2269
688385280030670848,4367,9077
688211956440801280,809,2191
688179443353796608,575,2090
688116655151435777,755,2771
688064179421470721,352,1692
687841446767013888,2441,5356
687826841265172480,1098,2687
687818504314159109,929,2432
687807801670897665,700,2346
687732144991551489,649,1714
687704180304273409,823,2383
687664829264453632,501,1893
687494652870668288,563,1860
687480748861947905,232,1570
687476254459715584,518,1942
687460506001633280,532,2017
687399393394311168,603,1845
687317306314240000,8950,19709
687312378585812992,1852,4263
687127927494963200,2217,5312
687124485711986689,494,2134
687109925361856513,2396,5675
687102708889812993,949,2304
687096057537363968,593,2190
686947101016735744,3115,8449
686760001961103360,1352,3436
686749460672679938,1416,3404
686730991906516992,1172,4049
686683045143953408,781,2765
686618349602762752,1331,3625
686606069955735556,534,1847
686394059078897668,675,1706
686386521809772549,860,3189
686377065986265092,553,2159
686358356425093120,652,2136
686286779679375361,1627,3920
686050296934563840,710,2165
686035780142297088,114,1124
686034024800862208,1117,3007
686007916130873345,398,2423
686003207160610816,608,1787
685973236358713344,510,2056
685943807276412928,581,1595
685906723014619143,2799,7335
685681090388975616,119,1984
685667379192414208,551,2309
685663452032069632,1418,3161
685641971164143616,757,2870
685547936038666240,15203,32169
685532292383666176,1131,2960
685325112850124800,3858,9225
685321586178670592,619,2586
685315239903100929,1016,3226
685307451701334016,428,2028
685268753634967552,1174,3031
685198997565345792,652,2285
685169283572338688,1395,4023
684969860808454144,359,2336
684959798585110529,3045,6664
684940049151070208,1017,3140
684926975086034944,453,3406
684914660081053696,1417,3427
684902183876321280,515,1817
684880619965411328,791,2035
684830982659280897,21138,34232
684800227459624960,981,2678
684594889858887680,3423,8713
684588130326986752,1377,4022
684567543613382656,1182,2950
684538444857667585,925,2598
684481074559381504,1144,3795
684460069371654144,545,1929
684241637099323392,3187,7934
684225744407494656,201,1206
684222868335505415,1328,3735
684200372118904832,1015,2107
684195085588783105,495,1861
684188786104872960,1138,3413
684177701129875456,650,1973
684147889187209216,1484,2927
684122891630342144,461,1965
684097758874210310,1399,4015
683857920510050305,1094,3726
683852578183077888,338,1897
683849932751646720,930,2553
683834909291606017,1089,2564
683828599284170753,1044,2734
683773439333797890,1310,3264
683742671509258241,3214,6315
683515932363329536,2813,7169
683498322573824003,939,3101
683481228088049664,972,2612
683462770029932544,660,2368
683449695444799489,1578,3792
683391852557561860,2345,7466
683357973142474752,899,2835
683142553609318400,1015,2807
683111407806746624,889,3328
683098815881154561,640,2124
683078886620553216,548,1951
683030066213818368,724,2119
682962037429899265,16060,35891
682808988178739200,165,1738
682788441537560576,1081,2414
682750546109968385,427,1488
682697186228989953,355,1287
682662431982772225,1047,2989
682638830361513985,580,2030
682429480204398592,1123,3350
682406705142087680,1715,7387
682393905736888321,652,2182
682389078323662849,450,1620
682303737705140231,951,2981
682259524040966145,1163,4029
682242692827447297,1130,3151
682088079302213632,9584,17785
682059653698686977,1630,4829
682047327939461121,919,3113
682032003584274432,1947,6440
682003177596559360,1476,3039
681981167097122816,1009,2750
681891461017812993,794,2409
681694085539872773,3956,12519
681679526984871937,429,1727
681654059175129088,904,2572
681610798867845120,451,1856
681579835668455424,1264,3459
681523177663676416,5603,13936
681340665377193984,271,1603
681339448655802368,3980,9071
681320187870711809,719,2577
681302363064414209,1768,3834
681297372102656000,923,3133
681281657291280384,1073,3151
681261549936340994,265,1425
681242418453299201,513,1447
681231109724700672,469,2348
681193455364796417,1435,3603
680970795137544192,641,2355
680959110691590145,1952,4473
680940246314430465,1016,3117
680934982542561280,422,2038
680913438424612864,605,2351
680889648562991104,355,1714
680836378243002368,1284,3372
680805554198020098,649,2097
680801747103793152,800,2323
680798457301471234,1003,2770
680609293079592961,675,2558
680583894916304897,1297,3532
680497766108381184,1855,4130
680494726643068929,472,1677
680473011644985345,726,2482
680440374763077632,486,1416
680221482581123072,286,1433
680206703334408192,1128,2760
680191257256136705,482,2087
680176173301628928,1500,3798
680161097740095489,716,2266
680145970311643136,1695,3508
680130881361686529,910,2229
680115823365742593,876,2655
680100725817409536,1330,3479
680085611152338944,8735,12479
680070545539371008,834,2516
680055455951884288,,
679877062409191424,633,1932
679872969355714560,647,2130
679862121895714818,599,2391
679854723806179328,1189,2772
679844490799091713,735,2302
679828447187857408,13589,35323
679777920601223168,1067,3023
679736210798047232,768,2042
679729593985699840,801,2111
679722016581222400,455,1618
679530280114372609,2019,4651
679527802031484928,700,2567
679511351870550016,1226,3268
679503373272485890,1421,3089
679475951516934144,620,2042
679462823135686656,18191,30671
679405845277462528,1162,2307
679158373988876288,7778,20694
679148763231985668,995,2707
679132435750195208,1118,2901
679111216690831360,2497,5806
679062614270468097,7784,16462
679047485189439488,642,2184
679001094530465792,1183,2758
678991772295516161,1114,2224
678969228704284672,440,1591
678800283649069056,865,2500
678798276842360832,1120,3357
678774928607469569,875,2730
678767140346941444,1315,3423
678764513869611008,461,1590
678755239630127104,3161,6887
678740035362037760,1610,3624
678708137298427904,2340,5426
678675843183484930,1406,2778
678643457146150913,388,1989
678446151570427904,1487,3884
678424312106393600,2455,5298
678410210315247616,1740,4071
678399652199309312,30751,77691
678396796259975168,401,1548
678389028614488064,407,1812
678380236862578688,874,2356
678341075375947776,514,1678
678334497360859136,238,1260
678278586130948096,5874,11072
678255464182861824,352,1535
678023323247357953,369,1848
678021115718029313,6098,13184
677961670166224897,1627,3312
677918531514703872,393,1292
677895101218201600,1996,4651
677716515794329600,944,2942
677700003327029250,1396,3267
677698403548192770,308,1192
677687604918272002,817,2416
677673981332312066,1446,3221
677662372920729601,916,1880
677644091929329666,773,1789
677573743309385728,678,2062
677565715327688705,444,1261
677557565589463040,1115,2372
677547928504967168,3540,6714
677530072887205888,221,1031
677335745548390400,1697,2940
677334615166730240,274,1298
677331501395156992,227,1050
677328882937298944,1446,3524
677314812125323265,514,1588
677301033169788928,388,1189
677269281705472000,680,1905
677228873407442944,1577,3431
677187300187611136,879,2637
676975532580409345,1023,2664
676957860086095872,782,2161
676949632774234114,380,1262
676948236477857792,829,2082
676946864479084545,352,1671
676942428000112642,719,1995
676936541936185344,4750,12264
676916996760600576,1736,2867
676897532954456065,701,2166
676864501615042560,676,2014
676821958043033607,14919,22087
676819651066732545,637,1751
676811746707918848,410,1370
676776431406465024,1947,4811
676617503762681856,917,2769
676613908052996102,193,1038
676606785097199616,415,1829
676603393314578432,369,1116
676593408224403456,2065,4382
676590572941893632,116,885
676588346097852417,751,2221
676582956622721024,263,1143
676575501977128964,1068,2476
676533798876651520,529,1806
676496375194980353,510,1463
676470639084101634,4479,11166
676440007570247681,631,1656
676430933382295552,324,1342
676263575653122048,516,2002
676237365392908289,273,1160
676219687039057920,29736,73597
676215927814406144,552,1664
676191832485810177,991,2180
676146341966438401,634,1842
676121918416756736,1115,2081
676101918813499392,1121,2721
676098748976615425,1355,2875
676089483918516224,419,1251
675898130735476737,542,1543
675891555769696257,818,2030
675888385639251968,914,2276
675878199931371520,1342,3993
675870721063669760,539,1557
675853064436391936,1226,2580
675849018447167488,137,901
675845657354215424,837,2164
675822767435051008,513,1462
675820929667219457,225,997
675798442703122432,3276,9819
675781562965868544,446,1551
675740360753160193,327,1117
675710890956750848,776,1801
675707330206547968,650,1888
675706639471788032,90,620
675534494439489536,391,1757
675531475945709568,364,1130
675522403582218240,274,992
675517828909424640,443,1231
675501075957489664,5573,16415
675497103322386432,1229,2998
675489971617296384,565,1235
675483430902214656,932,1767
675432746517426176,544,1448
675372240448454658,493,1609
675362609739206656,219,1009
675354435921575936,15977,31103
675349384339542016,2164,3747
675334060156301312,1224,2640
675166823650848770,1509,3395
675153376133427200,2441,5948
675149409102012420,1604,3574
675147105808306176,219,897
675146535592706048,279,1125
675145476954566656,845,2030
675135153782571009,451,1241
675113801096802304,742,1853
675111688094527488,239,914
675109292475830276,1075,2671
675047298674663426,304,1014
675015141583413248,1120,2572
675006312288268288,211,932
675003128568291329,436,1490
674999807681908736,1049,2134
674805413498527744,339,819
674800520222154752,805,2867
674793399141146624,1033,2381
674790488185167872,239,1042
674788554665512960,198,771
674781762103414784,1132,1910
674774481756377088,446,1055
674767892831932416,735,1730
674764817387900928,225,753
674754018082705410,415,1298
674752233200820224,438,1390
674743008475090944,518,1322
674742531037511680,49,459
674739953134403584,366,1047
674737130913071104,82,616
674690135443775488,448,1092
674670581682434048,610,1533
674664755118911488,232,870
674646392044941312,460,1368
674644256330530816,259,983
674638615994089473,555,1605
674632714662858753,545,1433
674606911342424069,93,893
674468880899788800,1922,5929
674447403907457024,342,1010
674436901579923456,368,1057
674422304705744896,512,1361
674416750885273600,130,656
674410619106390016,436,1140
674394782723014656,541,1440
674372068062928900,301,808
674330906434379776,71,539
674318007229923329,489,1339
674307341513269249,6558,10794
674291837063053312,5524,13946
674271431610523648,691,1477
674269164442398721,217,868
674265582246694913,799,1547
674262580978937856,426,1245
674255168825880576,514,1389
674082852460433408,157,725
674075285688614912,269,942
674063288070742018,2062,6049
674053186244734976,1214,3123
674051556661161984,464,1380
674045139690631169,604,1334
674042553264685056,119,684
674038233588723717,397,1053
674036086168010753,193,812
674024893172875264,1151,1685
674019345211760640,287,1071
674014384960745472,602,1478
674008982932058114,335,1136
673956914389192708,901,1849
673919437611909120,351,1112
673906403526995968,1544,3010
673887867907739649,239,891
673716320723169284,709,2923
673715861853720576,1940,3351
673711475735838725,283,990
673709992831262724,251,796
673708611235921920,269,1017
673707060090052608,368,1040
673705679337693185,387,1194
673700254269775872,537,1354
673697980713705472,1847,3747
673689733134946305,609,1645
673688752737402881,464,1197
673686845050527744,407,1357
673680198160809984,436,1300
673662677122719744,345,1186
673656262056419329,221,685
673636718965334016,339,1039
673612854080196609,676,1512
673583129559498752,338,1133
673580926094458881,260,787
673576835670777856,529,1309
673363615379013632,286,972
673359818736984064,629,1365
673355879178194945,536,1419
673352124999274496,508,1577
673350198937153538,195,713
673345638550134785,1182,2375
673343217010679808,252,914
673342308415348736,537,1202
673320132811366400,7383,12733
673317986296586240,238,831
673295268553605120,2967,7118
673270968295534593,343,1012
673240798075449344,671,1357
673213039743795200,789,2114
673148804208660480,588,1607
672997845381865473,669,1868
672995267319328768,271,899
672988786805112832,271,927
672984142909456390,513,1192
672980819271634944,951,1722
672975131468300288,848,1583
672970152493887488,336,898
672968025906282496,505,1258
672964561327235073,607,1350
672902681409806336,463,1291
672898206762672129,398,852
672884426393653248,793,1454
672877615439593473,329,976
672834301050937345,536,1240
672828477930868736,458,1182
672640509974827008,296,925
672622327801233409,454,1217
672614745925664768,546,1155
672609152938721280,365,1049
672604026190569472,376,1044
672594978741354496,575,1258
672591762242805761,314,902
672591271085670400,176,682
672538107540070400,342,965
672523490734551040,157,591
672488522314567680,404,1049
672482722825261057,560,1060
672481316919734272,122,683
672475084225949696,656,1368
672466075045466113,496,1282
672272411274932228,3144,6082
672267570918129665,578,1407
672264251789176834,314,1072
672256522047614977,1440,2674
672254177670729728,696,1357
672248013293752320,563,1640
672245253877968896,145,644
672239279297454080,303,850
672231046314901505,946,1716
672222792075620352,199,742
672205392827572224,1079,2124
672169685991993344,344,966
672160042234327040,336,832
672139350159835138,650,1647
672125275208069120,1074,2259
672095186491711488,343,939
672082170312290304,344,895
672068090318987265,477,1219
671896809300709376,3918,8046
671891728106971137,535,1237
671882082306625538,1301,3272
671879137494245376,620,1338
671874878652489728,518,1184
671866342182637568,459,1057
671855973984772097,407,849
671789708968640512,3238,6667
671768281401958400,461,1125
671763349865160704,844,1579
671744970634719232,714,1277
671743150407421952,223,712
671735591348891648,702,1365
671729906628341761,4075,8026
671561002136281088,6777,12061
671550332464455680,197,860
671547767500775424,549,1266
671544874165002241,983,1856
671542985629241344,529,1027
671538301157904385,360,876
671536543010570240,377,1105
671533943490011136,543,961
671528761649688577,239,790
671520732782923777,495,1313
671518598289059840,276,891
671511350426865664,658,1496
671504605491109889,3339,6581
671497587707535361,420,866
671488513339211776,449,942
671486386088865792,182,546
671485057807351808,220,718
671390180817915904,695,1358
671362598324076544,278,1042
671357843010908160,146,374
671355857343524864,112,457
671347597085433856,394,902
671186162933985280,193,692
671182547775299584,314,1050
671166507850801152,321,826
671163268581498880,1025,1550
671159727754231808,74,343
671154572044468225,205,666
671151324042559489,141,628
671147085991960577,201,625
671141549288370177,614,1085
671138694582165504,374,873
671134062904504320,177,699
671122204919246848,2343,3283
671115716440031232,725,1291
671109016219725825,407,1077
670995969505435648,272,1038
670842764863651840,8120,23315
670840546554966016,181,548
670838202509447168,645,1045
670833812859932673,113,411
670832455012716544,200,688
670826280409919488,3797,5199
670823764196741120,174,729
670822709593571328,89,571
670815497391357952,1440,2991
670811965569282048,253,1064
670807719151067136,458,1102
670804601705242624,898,1843
670803562457407488,83,321
670797304698376195,218,695
670792680469889025,257,780
670789397210615808,223,622
670786190031921152,187,563
670783437142401025,356,782
670782429121134593,718,1454
670780561024270336,270,751
670778058496974848,69,314
670764103623966721,392,1023
670755717859713024,98,413
670733412878163972,476,903
670727704916926465,334,786
670717338665226240,447,1114
670704688707301377,345,730
670691627984359425,225,554
670679630144274432,263,706
670676092097810432,38,230
670668383499735048,4671,10082
670474236058800128,689,1420
670468609693655041,82,337
670465786746662913,508,916
670452855871037440,189,518
670449342516494336,605,1142
670444955656130560,1864,6354
670442337873600512,187,606
670435821946826752,480,997
670434127938719744,601,1334
670433248821026816,103,311
670428280563085312,578,1310
670427002554466305,148,491
670421925039075328,595,1231
670420569653809152,294,584
670417414769758208,302,538
670411370698022913,831,1899
670408998013820928,205,523
670403879788544000,143,404
670385711116361728,191,530
670374371102445568,251,705
670361874861563904,60,311
670338931251150849,101,404
670319130621435904,1138,3674
670303360680108032,123,409
670290420111441920,267,656
670093938074779648,308,972
670086499208155136,235,657
670079681849372674,1142,2091
670073503555706880,737,1472
670069087419133954,223,586
670061506722140161,310,714
670055038660800512,302,627
670046952931721218,160,609
670040295598354432,104,709
670037189829525505,256,559
670003130994700288,84,314
669993076832759809,77,304
669972011175813120,146,416
669970042633789440,51,283
669942763794931712,148,475
669926384437997569,89,355
669923323644657664,53,221
669753178989142016,372,756
669749430875258880,61,244
669684865554620416,83,481
669683899023405056,102,359
669682095984410625,125,331
669680153564442624,268,630
669661792646373376,401,763
669625907762618368,1690,3316
669603084620980224,337,899
669597912108789760,141,484
669583744538451968,864,1399
669573570759163904,130,410
669571471778410496,947,1492
669567591774625800,48,219
669564461267722241,112,367
669393256313184256,69,338
669375718304980992,678,1246
669371483794317312,166,462
669367896104181761,141,432
669363888236994561,214,589
669359674819481600,113,347
669354382627049472,1194,2539
669353438988365824,241,591
669351434509529089,169,407
669328503091937280,388,956
669327207240699904,113,542
669324657376567296,195,463
669216679721873412,377,1124
669214165781868544,149,410
669203728096960512,435,948
669037058363662336,288,616
669015743032369152,348,699
669006782128353280,227,545
669000397445533696,5944,19692
668994913074286592,209,416
668992363537309700,316,704
668989615043424256,309,630
668988183816871936,431,848
668986018524233728,151,516
668981893510119424,280,507
668979806671884288,328,752
668975677807423489,545,1233
668967877119254528,21,134
668960084974809088,227,660
668955713004314625,66,258
668932921458302977,53,245
668902994700836864,93,298
668892474547511297,137,374
668872652652679168,281,497
668852170888998912,149,422
668826086256599040,124,407
668815180734689280,242,520
668779399630725120,344,672
668655139528511488,203,492
668645506898350081,493,820
668643542311546881,483,816
668641109086707712,501,1003
668636665813057536,461,973
668633411083464705,1491,2629
668631377374486528,296,667
668627278264475648,103,295
668625577880875008,120,360
668623201287675904,699,1336
668620235289837568,37,185
668614819948453888,299,578
668587383441514497,995,1574
668567822092664832,49,225
668544745690562560,212,479
668542336805281792,197,428
668537837512433665,67,238
668528771708952576,204,436
668507509523615744,97,306
668496999348633600,121,379
668484198282485761,219,397
668480044826800133,134,430
668466899341221888,474,838
668297328638447616,274,590
668291999406125056,29,228
668286279830867968,127,472
668274247790391296,220,769
668268907921326080,218,519
668256321989451776,555,1211
668248472370458624,443,902
668237644992782336,2637,5824
668226093875376128,94,276
668221241640230912,182,486
668204964695683073,183,525
668190681446379520,187,608
668171859951755264,176,454
668154635664932864,289,466
668142349051129856,260,543
668113020489474048,218,626
667937095915278337,740,1173
667924896115245057,100,276
667915453470232577,53,196
667911425562669056,276,464
667902449697558528,356,806
667886921285246976,999,1757
667885044254572545,434,772
667878741721415682,110,370
667873844930215936,378,587
667866724293877760,965,2860
667861340749471744,74,229
667832474953625600,57,275
667806454573760512,452,989
667801013445750784,88,309
667793409583771648,309,656
667782464991965184,230,388
667773195014021121,49,218
667766675769573376,201,410
667728196545200128,143,356
667724302356258817,296,446
667550904950915073,31,0
667550882905632768,28,0
667549055577362432,2094,5417
667546741521195010,115,317
667544320556335104,492,807
667538891197542400,60,192
667534815156183040,490,767
667530908589760512,221,437
667524857454854144,1045,1594
667517642048163840,179,344
667509364010450944,1984,6387
667502640335572993,207,512
667495797102141441,246,490
667491009379606528,208,489
667470559035432960,89,238
667455448082227200,56,179
667453023279554560,81,295
667443425659232256,538,733
667437278097252352,219,423
667435689202614272,79,289
667405339315146752,207,435
667393430834667520,51,179
667369227918143488,151,343
667211855547486208,223,453
667200525029539841,241,574
667192066997374976,91,358
667188689915760640,368,700
667182792070062081,5701,13390
667177989038297088,51,179
667176164155375616,421,571
667174963120574464,72,231
667171260800061440,77,205
667165590075940865,1043,2516
667160273090932737,56,239
667152164079423490,15659,44706
667138269671505920,2023,4296
667119796878725120,121,310
667090893657276420,116,313
667073648344346624,109,373
667070482143944705,13,77
667065535570550784,41,159
667062181243039745,48,205
667044094246576128,44,174
667012601033924608,204,422
666996132027977728,81,226
666983947667116034,904,2376
666837028449972224,510,754
666835007768551424,74,196
666826780179869698,84,237
666817836334096384,233,475
666804364988780544,84,218
666786068205871104,443,704
666781792255496192,175,358
666776908487630848,156,323
666739327293083650,60,219
666701168228331520,200,399
666691418707132416,44,172
666649482315059201,570,1043
666644823164719104,73,219
666454714377183233,197,475
666447344410484738,18,94
666437273139982337,42,113
666435652385423360,45,152
666430724426358785,173,291
666428276349472768,73,150
666421158376562688,102,293
666418789513326592,41,111
666411507551481857,288,402
666407126856765440,31,98
666396247373291520,73,154
666373753744588802,78,170
666362758909284353,503,705
666353288456101888,64,193
666345417576210432,128,268
666337882303524864,82,179
666293911632134144,313,455
666287406224695296,58,132
666273097616637952,70,157
666268910803644416,32,94
666104133288665088,5851,13362
666102155909144576,11,69
666099513787052032,58,141
666094000022159362,66,152
666082916733198337,41,100
666073100786774016,142,289
666071193221509120,52,133
666063827256086533,193,440
666058600524156928,52,102
666057090499244032,121,261
666055525042405380,216,405
666051853826850816,758,1104
666050758794694657,51,121
666049248165822465,40,95
666044226329800704,126,265
666033412701032449,39,110
666029285002620928,41,119
666020888022790149,454,2365